WineID,WineName,Type,Elaborate,Grapes,Harmonize,ABV,Body,Acidity,Code,Country,RegionID,RegionName,WineryID,WineryName,Website,Vintages
100001,Espumante Moscatel,Sparkling,Varietal/100%,['Muscat/Moscato'],"['Pork', 'Rich Fish', 'Shellfish']",7.5,Medium-bodied,High,BR,Brazil,1001,Serra Gaúcha,10001,Casa Perini,http://www.vinicolaperini.com.br,"[2020, 2019, 2018, 2017, 2016, 2015, 2014, 2013, 2012, 2011, 2010, 2009, 2008, 2007, 2006, 2005, 2003, 2002, 2001, 2000, 1999, 1998, 1997, 1996, 1995, 1993, 1992, 1991, 1990, 1989, 1988, 1985, 1982, 1980, 1970, 1966, 'N.V.']"
100002,Ancellotta,Red,Varietal/100%,['Ancellotta'],"['Beef', 'Barbecue', 'Codfish', 'Pasta', 'Pizza', 'Cheese']",12.0,Medium-bodied,Medium,BR,Brazil,1001,Serra Gaúcha,10001,Casa Perini,http://www.vinicolaperini.com.br,"[2016, 2015, 2014, 2013, 2012, 2011, 2010, 2009, 2008, 2007, 2006, 2005, 2001]"
100003,Cabernet Sauvignon,Red,Varietal/100%,['Cabernet Sauvignon'],"['Beef', 'Lamb', 'Poultry']",12.0,Full-bodied,High,BR,Brazil,1001,Serra Gaúcha,10002,Castellamare,https://www.emporiocastellamare.com.br,"[2021, 2020, 2019, 2018, 2017, 2016, 2015, 2014, 2013, 2012, 2011, 2010, 2009, 2008, 2007, 2005, 2004, 2002, 2001, 2000, 1994, 1972, 1960]"
100004,Virtus Moscato,White,Varietal/100%,['Muscat/Moscato'],['Sweet Dessert'],12.0,Medium-bodied,Medium,BR,Brazil,1001,Serra Gaúcha,10003,Monte Paschoal,http://www.montepaschoal.com.br,"[2021, 2020, 2019, 2018, 2017, 2016, 2015, 2014, 2013, 2012, 2011, 2010, 2009, 2008, 2007, 2006, 2001, 1990]"
100005,Maison de Ville Cabernet-Merlot,Red,Assemblage/Bordeaux Red Blend,"['Cabernet Sauvignon', 'Merlot']","['Beef', 'Lamb', 'Game Meat', 'Poultry']",11.0,Full-bodied,Medium,BR,Brazil,1001,Serra Gaúcha,10000,Aurora,http://www.vinicolaaurora.com.br,"[2021, 2020, 2019, 2018, 2017, 2016, 2015, 2014, 2013, 2012, 2011, 2010, 2008, 2005, 2004, 2003, 2001, 2000, 1998, 1990, 1989, 1982, 1973, 1970]"
100006,Reserva Cabernet Sauvignon,Red,Varietal/100%,['Cabernet Sauvignon'],"['Beef', 'Lamb', 'Poultry']",12.5,Full-bodied,High,BR,Brazil,1001,Serra Gaúcha,10000,Aurora,http://www.vinicolaaurora.com.br,"[2021, 2020, 2019, 2018, 2017, 2016, 2015, 2014, 2013, 2012, 2011, 2010, 2009, 2008, 2007, 2006, 2005, 2004, 2002, 2001, 2000, 1999, 1998, 1997, 1993, 1986, 1979]"
100007,Do Lugar Moscatel Espumantes,Sparkling,Varietal/100%,['Muscat/Moscato Bianco'],"['Pork', 'Rich Fish', 'Shellfish']",7.5,Medium-bodied,High,BR,Brazil,1001,Serra Gaúcha,10012,Dal Pizzol,http://www.dalpizzol.com.br,"[2018, 2017, 2016, 2015, 2014, 2013, 2012, 2011, 2010, 2009, 2008, 2003, 2000, 1981, 'N.V.']"
100008,Paradoxo Cabernet Sauvignon,Red,Varietal/100%,['Cabernet Sauvignon'],"['Beef', 'Lamb', 'Poultry']",13.5,Full-bodied,High,BR,Brazil,1001,Serra Gaúcha,10011,Salton,http://www.salton.com.br,"[2021, 2020, 2019, 2018, 2017, 2016, 2015, 2014, 2013, 2012, 2011, 2010, 2009, 2008, 2007, 2006, 2005, 2003, 2002, 2001, 2000, 1998, 1995, 1991, 1982, 1978]"
100009,Seleção Cabernet Sauvignon-Merlot,Red,Assemblage/Bordeaux Red Blend,"['Cabernet Sauvignon', 'Merlot']","['Beef', 'Lamb', 'Game Meat', 'Poultry']",12.5,Full-bodied,High,BR,Brazil,1004,Campanha Gaúcha,10013,Miolo,http://www.miolo.com.br,"[2021, 2020, 2019, 2018, 2017, 2016, 2015, 2014, 2013, 2012, 2011, 2010, 2009, 2008, 2007, 2006, 2005, 2004, 2003, 2002, 2001, 2000, 1999, 1998, 1997, 1996, 1995, 1993, 1982, 1981, 1978, 1971, 1962]"
100010,Defesa Tinto,Red,Assemblage/Blend,"['Touriga Nacional', 'Syrah/Shiraz']","['Beef', 'Lamb', 'Veal', 'Poultry']",14.0,Full-bodied,High,PT,Portugal,1038,Alentejano,12039,Esporão,http://www.esporao.com,"[2021, 2020, 2019, 2018, 2017, 2016, 2015, 2014, 2013, 2012, 2011, 2010, 2009, 2008, 2007, 2006, 2005, 2004, 2003, 2002, 2001, 2000, 1999, 1998, 1997, 1996, 1995, 1993, 1991, 1989, 1988, 1986, 1985, 1983, 1980, 1975, 1965, 1959]"
100011,Winemaker's Red Blend (Reserva),Red,Assemblage/Blend,"['Cabernet Sauvignon', 'Syrah/Shiraz']","['Beef', 'Lamb', 'Spicy Food', 'Maturated Cheese', 'Hard Cheese']",13.5,Full-bodied,Low,CL,Chile,2285,Santiago,39355,Casillero del Diablo,http://www.casillerodeldiablo.com,"[2021, 2020, 2019, 2018, 2017, 2016, 2015, 2014, 2013, 2012, 2011, 2010, 2009, 2008, 2007, 2006, 2005, 2004, 2003, 2002, 2001, 2000, 1999, 1998, 1997, 1996, 1995, 1994, 1993, 1991, 1990, 1989, 1988, 1987, 1986, 1985, 1984, 1983, 1982, 1981, 1980, 1978, 1977, 1974, 1973, 1968, 1965, 1964, 1963, 1961]"
100012,Vinho Verde Branco,White,Assemblage/Portuguese White Blend,"['Arinto de Bucelas', 'Loureiro', 'Trajadura']","['Shellfish', 'Vegetarian', 'Appetizer', 'Snack']",9.0,Very light-bodied,High,PT,Portugal,1034,Vinho Verde,12474,Calamares,https://enoport.pt,"[2021, 2020, 2019, 2018, 2017, 2016, 2015, 2014, 2013, 2012, 2011, 2010, 2009, 2008, 2007, 2006, 2005, 2004, 2001, 2000, 1999, 1998, 1996, 1995, 1992, 1991, 1990, 1987, 1983, 1980, 1978, 1977, 1973, 1970, 1963]"
100013,Ruby Port,Dessert/Port,Assemblage/Port Blend,"['Tinta Barroca', 'Tinta Amarela', 'Touriga Nacional', 'Touriga Franca', 'Tinta Roriz', 'Tinto Cão']","['Beef', 'Maturated Cheese', 'Hard Cheese']",19.5,Very full-bodied,High,PT,Portugal,1031,Porto,10674,Porto Ferreira,https://sogrape.com/pt/brand/porto-ferreira,"[2020, 2019, 2018, 2017, 2016, 2015, 2014, 2013, 2012, 2011, 2010, 2009, 2008, 2007, 2006, 2005, 2004, 2003, 2002, 2001, 2000, 1999, 1998, 1997, 1996, 1995, 1994, 1993, 1992, 1991, 1990, 1989, 1987, 1986, 1985, 1983, 1982, 1981, 1980, 1979, 1978, 1977, 1975, 1974, 1973, 1972, 1971, 1968, 1965, 1963, 1962, 1957, 1951, 1950, 'N.V.']"
100014,Tawny Port,Dessert/Port,Assemblage/Port Blend,"['Tinto Cão', 'Tinta Barroca', 'Tinta Amarela', 'Touriga Nacional', 'Touriga Franca', 'Tinta Roriz']","['Beef', 'Maturated Cheese', 'Hard Cheese']",19.5,Very full-bodied,High,PT,Portugal,1031,Porto,10674,Porto Ferreira,https://sogrape.com/pt/brand/porto-ferreira,"[2021, 2020, 2019, 2018, 2017, 2016, 2015, 2014, 2013, 2012, 2011, 2010, 2009, 2008, 2007, 2006, 2005, 2004, 2003, 2002, 2001, 2000, 1999, 1998, 1997, 1996, 1995, 1994, 1993, 1992, 1991, 1990, 1989, 1988, 1987, 1986, 1985, 1984, 1983, 1982, 1981, 1980, 1979, 1978, 1977, 1976, 1975, 1974, 1973, 1972, 1971, 1970, 1969, 1968, 1967, 1966, 1965, 1964, 1963, 1962, 1960, 1958, 1957, 1955, 1954, 1953, 1952, 1951, 1950, 'N.V.']"
100015,Seleção-Seco Tinto,Red,Varietal/100%,['Bordô'],"['Beef', 'Barbecue', 'Pasta', 'Poultry', 'Fish', 'Citric Dessert']",10.3,Medium-bodied,High,BR,Brazil,1000,Rio Grande do Sul,10028,Pergola,https://www.vinicolacampestre.com.br,"[2022, 2021, 2020, 2019, 2018, 2017, 2016, 2015, 2014, 2013, 2012, 2011, 2010, 2009, 2008, 2007, 2006, 2005, 2004, 2003, 2002, 2001, 2000, 1999, 1998, 1997, 1996, 1995, 1994, 1993, 1992, 1991, 1990, 1989, 1988, 1986, 1985, 1983, 1982, 1981, 1980, 1978, 1975, 1974, 1972, 1971, 1970, 1965, 1960, 1955, 1953, 1952, 1951, 'N.V.']"
100016,Acquasantiera Tinto Seco Fino,Red,Assemblage/Blend,"['Cabernet Sauvignon', 'Merlot', 'Tannat']","['Beef', 'Lamb', 'Game Meat', 'Spicy Food', 'Poultry']",11.0,Medium-bodied,Low,BR,Brazil,1001,Serra Gaúcha,10010,Garibaldi,http://www.vinicolagaribaldi.com.br,"[2021, 2020, 2019, 2018, 2017, 2016, 2015, 2014, 2013, 2012, 2011, 2010, 2009, 2008, 2007, 2006, 2005, 2004, 2003, 2002, 2000, 1999, 1997, 1995, 1991, 1990, 1985, 1981, 1980, 1972, 1971, 1952, 1950]"
100017,Colheita Tardia Malvasia-Moscato,Dessert,Assemblage/Blend,"['Malvasia', 'Muscat/Moscato Bianco']","['Sweet Dessert', 'Appetizer', 'Snack']",12.5,Medium-bodied,High,BR,Brazil,1001,Serra Gaúcha,10000,Aurora,http://www.vinicolaaurora.com.br,"[2021, 2020, 2019, 2018, 2017, 2016, 2015, 2014, 2013, 2011, 2010, 2005]"
100018,Cave Cabernet Sauvignon,Red,Varietal/100%,['Cabernet Sauvignon'],"['Beef', 'Lamb', 'Poultry']",13.0,Full-bodied,High,BR,Brazil,1001,Serra Gaúcha,10025,Luiz Argenta,http://www.luizargenta.com.br,"[2021, 2020, 2019, 2018, 2017, 2016, 2015, 2014, 2013, 2012, 2011, 2010, 2009, 2008, 2007, 2006, 2005, 2004, 2003, 2001, 2000, 1999]"
100019,Singular Nebbiolo,Red,Varietal/100%,['Nebbiolo'],"['Beef', 'Lamb', 'Veal', 'Maturated Cheese', 'Hard Cheese', 'Mushrooms']",14.9,Full-bodied,High,BR,Brazil,1002,Vale dos Vinhedos,10020,Lidio Carraro,http://www.lidiocarraro.com,"[2021, 2020, 2018, 2017, 2016, 2015, 2014, 2013, 2012, 2011, 2010, 2009, 2008, 2007, 2006, 2005, 2004, 2003, 2001, 2000, 1990]"
100020,Terroir Merlot,Red,Varietal/100%,['Merlot'],"['Beef', 'Lamb', 'Veal']",12.5,Full-bodied,Low,BR,Brazil,1001,Serra Gaúcha,10014,Casa Valduga,http://www.casavalduga.com.br,"[2021, 2020, 2019, 2018, 2017, 2016, 2015, 2014, 2013, 2012, 2011, 2010, 2009, 2008, 2007, 2004, 2003, 2001, 2000, 1999]"
100021,Merlot Reserva,Red,Varietal/100%,['Merlot'],"['Beef', 'Lamb', 'Veal']",13.5,Full-bodied,Low,BR,Brazil,1002,Vale dos Vinhedos,10426,Pizzato,http://pizzato.net,"[2021, 2020, 2019, 2018, 2017, 2016, 2015, 2014, 2013, 2012, 2011, 2010, 2009, 2008, 2007, 2006, 2005, 2004, 2003, 2002, 2001, 2000, 1999, 1998, 1997, 1995, 1991, 1990, 1988, 1987, 1973, 1971]"
100022,Malbec Brut Rosé,Sparkling,Varietal/100%,['Malbec'],"['Pork', 'Rich Fish', 'Shellfish']",11.5,Medium-bodied,High,BR,Brazil,1001,Serra Gaúcha,10022,Don Guerino,http://www.donguerino.com.br,"[2020, 2019, 2018, 2017, 2016, 2015, 2014, 2013, 2012, 2011, 2010, 2009, 2008, 2007, 2005, 2001, 2000, 1998, 1997, 1991, 1990, 1989, 1982, 1980, 1971, 1958, 'N.V.']"
100023,Leopoldina Terroir Merlot,Red,Varietal/100%,['Merlot'],"['Beef', 'Lamb', 'Veal']",14.0,Full-bodied,Low,BR,Brazil,1002,Vale dos Vinhedos,10014,Casa Valduga,http://www.casavalduga.com.br,"[2022, 2021, 2020, 2019, 2018, 2017, 2016, 2015, 2014, 2013, 2012, 2011, 2010, 2009, 2008, 2007, 2006, 2005, 2004, 2002, 2001, 2000, 1990, 1983, 1981, 'N.V.']"
100024,Lote 43 Cabernet Sauvignon-Merlot,Red,Assemblage/Bordeaux Red Blend,"['Cabernet Sauvignon', 'Merlot']","['Beef', 'Lamb', 'Game Meat', 'Poultry']",14.0,Full-bodied,High,BR,Brazil,1002,Vale dos Vinhedos,10013,Miolo,http://www.miolo.com.br,"[2020, 2019, 2018, 2017, 2016, 2015, 2014, 2013, 2012, 2011, 2010, 2009, 2008, 2007, 2006, 2005, 2004, 2003, 2002, 2001, 2000, 1999, 1997, 1995, 1993, 1991, 1990, 1988, 1982, 1971]"
100025,Espumante Método Charmat Brut,Sparkling,Assemblage/Blend,"['Chardonnay', 'Riesling']","['Pork', 'Rich Fish', 'Shellfish']",12.0,Medium-bodied,High,BR,Brazil,1001,Serra Gaúcha,10001,Casa Perini,http://www.vinicolaperini.com.br,"[2021, 2020, 2019, 2018, 2017, 2016, 2015, 2014, 2013, 2012, 2011, 2010, 2009, 2008, 2007, 2006, 2005, 2004, 2003, 2002, 2001, 2000, 1999, 1998, 1996, 1993, 1992, 1991, 1990, 1989, 1988, 1987, 1985, 1982, 1981, 1973, 1970]"
100026,Origem Elegance Cabernet Sauvignon,Red,Varietal/100%,['Cabernet Sauvignon'],"['Beef', 'Lamb', 'Poultry']",12.0,Full-bodied,High,BR,Brazil,1001,Serra Gaúcha,10014,Casa Valduga,http://www.casavalduga.com.br,"[2021, 2020, 2019, 2018, 2017, 2016, 2015, 2014, 2013, 2012, 2011, 2010, 2009, 2008, 2007, 2006, 2005, 2004, 2002, 2001, 2000, 1999, 1997, 1994, 1993, 1990, 1982]"
100027,Vale da Pedra,Red,Varietal/100%,['Syrah/Shiraz'],"['Beef', 'Lamb', 'Game Meat', 'Poultry']",14.0,Full-bodied,High,BR,Brazil,1020,São Paulo,10559,Guaspari,https://loja.vinicolaguaspari.com.br,"[2021, 2020, 2019, 2018, 2017, 2016, 2015, 2014, 2013, 2012, 2011, 2010, 2009, 2008, 2007, 2006, 2005, 2002, 2001, 2000, 1995, 1994, 1990, 1985, 1980]"
100028,Arte Tradicional Brut Espumante,Sparkling,Assemblage/Blend,"['Pinot Noir', 'Glera/Prosecco', 'Chardonnay']","['Pork', 'Rich Fish', 'Shellfish']",11.5,Medium-bodied,High,BR,Brazil,1001,Serra Gaúcha,10014,Casa Valduga,http://www.casavalduga.com.br,"[2021, 2020, 2019, 2018, 2017, 2016, 2015, 2014, 2013, 2012, 2011, 2010, 2009, 2008, 2007, 2006, 2005, 2004, 2003, 2002, 2001, 2000, 1999, 1998, 1996, 1995, 1993, 1992, 1990, 1989, 1987, 1985, 1984, 1981, 1970, 1961]"
100029,Talento,Red,Assemblage/Blend,"['Merlot', 'Tannat', 'Cabernet Sauvignon']","['Beef', 'Lamb', 'Game Meat', 'Spicy Food', 'Poultry']",13.0,Full-bodied,Medium,BR,Brazil,1001,Serra Gaúcha,10011,Salton,http://www.salton.com.br,"[2021, 2020, 2019, 2018, 2017, 2016, 2015, 2014, 2013, 2012, 2011, 2010, 2009, 2008, 2007, 2006, 2005, 2004, 2003, 2002, 2001, 2000, 1999, 1998, 1997, 1996, 1995, 1993, 1992, 1991, 1990, 1987, 1985, 1981, 1980, 1979, 1977, 1976, 1975, 1974, 1972, 1971, 1970, 1969, 1961, 1959, 1951]"
100030,Seleção Cabernet Sauvignon-Tempranillo Rosé,Rosé,Assemblage/Blend,"['Cabernet Sauvignon', 'Tempranillo']","['Beef', 'Lamb', 'Pork', 'Game Meat', 'Spicy Food', 'Poultry']",12.0,Medium-bodied,Medium,BR,Brazil,1004,Campanha Gaúcha,10013,Miolo,http://www.miolo.com.br,"[2021, 2020, 2019, 2018, 2017, 2016, 2015, 2014, 2013, 2012, 2011, 2010, 2009, 2008, 2007, 2006, 2005, 2004, 2003, 2002, 2001, 2000, 1999, 1997, 1992, 1991, 1990, 1978, 1975, 1972, 1969]"
100031,Reserva Cabernet Sauvignon,Red,Varietal/100%,['Cabernet Sauvignon'],"['Beef', 'Lamb', 'Poultry']",13.0,Full-bodied,High,BR,Brazil,1004,Campanha Gaúcha,10013,Miolo,http://www.miolo.com.br,"[2021, 2020, 2019, 2018, 2017, 2016, 2015, 2014, 2013, 2012, 2011, 2010, 2009, 2008, 2007, 2006, 2005, 2004, 2003, 2002, 2001, 2000, 1999, 1998, 1997, 1996, 1995, 1994, 1993, 1992, 1991, 1990, 1989, 1988, 1986, 1985, 1982, 1981, 1980, 1975, 1973, 1972, 1971, 1970, 1964]"
100032,Terroir Merlot,Red,Varietal/100%,['Merlot'],"['Beef', 'Lamb', 'Veal']",13.5,Full-bodied,Low,BR,Brazil,1002,Vale dos Vinhedos,10013,Miolo,http://www.miolo.com.br,"[2021, 2020, 2019, 2018, 2017, 2016, 2015, 2014, 2013, 2012, 2011, 2010, 2009, 2008, 2007, 2006, 2005, 2004, 2003, 2002, 2001, 2000, 1999, 1998, 1997, 1996, 1995, 1993, 1992, 1991, 1990, 1989, 1986, 1985, 1983, 1982, 1981, 1980, 1975, 1971, 1962]"
100033,Super Premium Quatro Castas Blend,Red,Assemblage/Blend,"['Syrah/Shiraz', 'Merlot', 'Malbec', 'Cabernet Sauvignon']","['Beef', 'Lamb', 'Game Meat', 'Spicy Food', 'Maturated Cheese', 'Hard Cheese', 'Poultry']",13.5,Full-bodied,Medium,BR,Brazil,1002,Vale dos Vinhedos,10442,Almaúnica,http://www.almaunica.com.br,"[2021, 2020, 2019, 2018, 2017, 2016, 2015, 2014, 2013, 2012, 2011, 2010, 2009, 2008, 2007, 2005, 2003, 2002, 2001, 2000]"
100034,Reserva Merlot,Red,Varietal/100%,['Merlot'],"['Beef', 'Lamb', 'Veal']",13.0,Full-bodied,Low,BR,Brazil,1004,Campanha Gaúcha,10013,Miolo,http://www.miolo.com.br,"[2021, 2020, 2019, 2018, 2017, 2016, 2015, 2014, 2013, 2012, 2011, 2010, 2009, 2008, 2007, 2006, 2005, 2004, 2002, 2001, 2000, 1999, 1998, 1997, 1996, 1990, 1989, 1981, 1980, 1978, 1975, 1971]"
100035,130 Brut Espumante,Sparkling,Assemblage/Blend,"['Chardonnay', 'Pinot Noir']","['Pork', 'Rich Fish', 'Shellfish']",13.0,Medium-bodied,High,BR,Brazil,1001,Serra Gaúcha,10014,Casa Valduga,http://www.casavalduga.com.br,['N.V.']
100036,Naturelle Tinto,Red,Assemblage/Blend,"['Cabernet Franc', 'Pinot Noir']","['Beef', 'Veal', 'Pork', 'Game Meat', 'Rich Fish', 'Poultry', 'Soft Cheese']",12.0,Medium-bodied,Low,BR,Brazil,1002,Vale dos Vinhedos,10014,Casa Valduga,http://www.casavalduga.com.br,"[2021, 2020, 2019, 2018, 2017, 2016, 2015, 2014, 2013, 2012, 2011, 2010, 2009, 2008, 2007, 2006, 2005, 2004, 2003, 2002, 2001, 2000, 1999, 1998, 1997, 1996, 1994, 1992, 1991, 1990, 1984, 1982, 1981, 1980, 1962, 1957]"
100037,Cave Merlot,Red,Varietal/100%,['Merlot'],"['Beef', 'Lamb', 'Veal']",12.5,Full-bodied,Low,BR,Brazil,1001,Serra Gaúcha,10085,Boscato,http://www.boscato.com.br,"[2021, 2020, 2019, 2018, 2017, 2016, 2015, 2014, 2013, 2012, 2011, 2010, 2009, 2008, 2007, 2006, 2005, 2004, 2003, 2002, 2001, 2000, 1999, 1998, 1997, 1996, 1992, 1990, 1988, 1987, 1986, 1983, 1972]"
100038,Reserva Syrah,Red,Varietal/100%,['Syrah/Shiraz'],"['Beef', 'Lamb', 'Game Meat', 'Poultry']",13.5,Full-bodied,High,BR,Brazil,1002,Vale dos Vinhedos,10442,Almaúnica,http://www.almaunica.com.br,"[2021, 2020, 2019, 2018, 2017, 2016, 2015, 2014, 2013, 2012, 2011, 2010, 2009, 2008, 2001]"
100039,Desejo Merlot,Red,Varietal/100%,['Merlot'],"['Beef', 'Lamb', 'Veal']",13.0,Full-bodied,Low,BR,Brazil,1004,Campanha Gaúcha,10011,Salton,http://www.salton.com.br,"[2021, 2020, 2019, 2018, 2017, 2016, 2015, 2014, 2013, 2012, 2011, 2010, 2009, 2008, 2007, 2006, 2005, 2004, 2003, 2002, 2001, 2000, 1999, 1998, 1997, 1996, 1995, 1993, 1992, 1991, 1990, 1987, 1985, 1981, 1975, 1973, 1972, 1971, 1970, 1963, 1962, 1955, 1951]"
100040,Agnus Merlot,Red,Varietal/100%,['Merlot'],"['Beef', 'Lamb', 'Veal']",13.5,Full-bodied,Low,BR,Brazil,1002,Vale dos Vinhedos,10020,Lidio Carraro,http://www.lidiocarraro.com,"[2021, 2020, 2019, 2018, 2017, 2016, 2015, 2014, 2013, 2012, 2011, 2010, 2009, 2008, 2007, 2006, 2005, 2004, 2003, 2002, 2001, 2000, 1999, 1995, 1988]"
100041,Dádivas Chardonnay,White,Varietal/100%,['Chardonnay'],"['Pork', 'Rich Fish', 'Vegetarian', 'Poultry']",13.5,Full-bodied,High,BR,Brazil,1002,Vale dos Vinhedos,10020,Lidio Carraro,http://www.lidiocarraro.com,"[2021, 2020, 2019, 2018, 2017, 2016, 2015, 2014, 2013, 2012, 2011, 2010, 2009, 2008, 2007, 2006, 2005, 2004, 2003, 2002, 2001, 2000, 1991, 1981, 1980]"
100042,STORIA Merlot,Red,Varietal/100%,['Merlot'],"['Beef', 'Lamb', 'Veal']",14.0,Full-bodied,Low,BR,Brazil,1001,Serra Gaúcha,10014,Casa Valduga,http://www.casavalduga.com.br,"[2021, 2020, 2019, 2018, 2017, 2016, 2015, 2014, 2013, 2012, 2011, 2010, 2009, 2008, 2007, 2006, 2005, 2004, 2003, 2002, 2001, 2000, 1999, 1998, 1997, 1996, 1995, 1994, 1993, 1992, 1991, 1990, 1989, 1988, 1983, 1982, 1981, 1980, 1975, 1970]"
100043,Leopoldina Gran Chardonnay,White,Varietal/100%,['Chardonnay'],"['Pork', 'Rich Fish', 'Vegetarian', 'Poultry']",13.5,Full-bodied,High,BR,Brazil,1001,Serra Gaúcha,10014,Casa Valduga,http://www.casavalduga.com.br,"[2021, 2020, 2019, 2018, 2017, 2016, 2015, 2014, 2013, 2012, 2011, 2010, 2009, 2008, 2007, 2006, 2005, 2004, 2002, 2001, 2000, 1995, 1988, 1987, 1978]"
100044,Alicante Bouschet Reserva,Red,Varietal/100%,['Alicante Bouschet'],"['Beef', 'Pasta', 'Lamb', 'Poultry', 'Maturated Cheese']",13.0,Full-bodied,Medium,BR,Brazil,1002,Vale dos Vinhedos,10426,Pizzato,http://pizzato.net,"[2020, 2019, 2018, 2017, 2016, 2015, 2014, 2013, 2012, 2011, 2010, 2009, 2008, 2007, 2006, 2005, 2004, 2003, 2002, 2001, 2000, 1999, 1997, 1994, 1992, 1988, 1971]"
100045,Da'Divas Pinot Noir,Red,Varietal/100%,['Pinot Noir'],"['Beef', 'Veal', 'Game Meat', 'Poultry']",12.0,Full-bodied,High,BR,Brazil,1002,Vale dos Vinhedos,10020,Lidio Carraro,http://www.lidiocarraro.com,"[2021, 2020, 2019, 2018, 2017, 2016, 2015, 2014, 2013, 2012, 2011, 2010, 2009, 2008, 2007, 2006, 2004, 2002, 2001, 2000, 1998, 1990, 1981, 1973, 1961]"
100046,Vista de Serra Syrah,Red,Varietal/100%,['Syrah/Shiraz'],"['Beef', 'Lamb', 'Game Meat', 'Poultry']",14.0,Full-bodied,High,BR,Brazil,1027,Serra Negra,10559,Guaspari,https://loja.vinicolaguaspari.com.br,"[2020, 2019, 2018, 2017, 2016, 2015, 2014, 2013, 2012, 2011, 2010, 2009, 2001, 1990]"
100047,Villa-Lobos Gran Reserva Cabernet Sauvignon,Red,Varietal/100%,['Cabernet Sauvignon'],"['Beef', 'Lamb', 'Poultry']",12.5,Full-bodied,High,BR,Brazil,1001,Serra Gaúcha,10014,Casa Valduga,http://www.casavalduga.com.br,"[2021, 2020, 2018, 2017, 2016, 2015, 2014, 2013, 2012, 2011, 2010, 2009, 2008, 2007, 2006, 2005, 2004, 2003, 2002, 2001, 2000, 1999, 1990, 1987, 1980, 1971]"
100048,Reserva Merlot,Red,Varietal/100%,['Merlot'],"['Beef', 'Lamb', 'Veal']",12.5,Full-bodied,Low,BR,Brazil,1001,Serra Gaúcha,10000,Aurora,http://www.vinicolaaurora.com.br,"[2021, 2020, 2019, 2018, 2017, 2016, 2015, 2014, 2013, 2012, 2011, 2010, 2009, 2008, 2007, 2006, 2005, 2002, 2001, 2000, 1999, 1982, 1981]"
100049,Cuvée Giuseppe Merlot-Cabernet Sauvignon,Red,Assemblage/Bordeaux Red Blend,"['Cabernet Sauvignon', 'Merlot']","['Beef', 'Lamb', 'Game Meat', 'Poultry']",14.0,Full-bodied,High,BR,Brazil,1002,Vale dos Vinhedos,10013,Miolo,http://www.miolo.com.br,"[2021, 2020, 2019, 2018, 2017, 2016, 2015, 2014, 2013, 2012, 2011, 2010, 2009, 2008, 2007, 2006, 2005, 2004, 2003, 2002, 2001, 2000, 1999, 1998, 1997, 1996, 1994, 1992, 1991, 1990, 1989, 1981, 1980, 1978, 1975, 1974, 1971, 1959, 1957]"
100050,Fausto Merlot,Red,Varietal/100%,['Merlot'],"['Beef', 'Lamb', 'Veal']",13.0,Full-bodied,Low,BR,Brazil,1002,Vale dos Vinhedos,10426,Pizzato,http://pizzato.net,"[2021, 2020, 2019, 2018, 2017, 2016, 2015, 2014, 2013, 2012, 2011, 2010, 2009, 2008, 2007, 2006, 2005, 2004, 2003, 2002]"
100051,Reserva Merlot,Red,Varietal/100%,['Merlot'],"['Beef', 'Lamb', 'Veal']",13.5,Full-bodied,Low,BR,Brazil,1002,Vale dos Vinhedos,10442,Almaúnica,http://www.almaunica.com.br,"[2021, 2020, 2019, 2018, 2017, 2016, 2015, 2014, 2013, 2012, 2011, 2010, 2009, 2008, 2007, 2006, 2005, 2003, 2000, 1973, 1972]"
100052,Reserva Tannat,Red,Varietal/100%,['Tannat'],"['Beef', 'Lamb', 'Pasta', 'Soft Cheese']",12.5,Medium-bodied,Low,BR,Brazil,1001,Serra Gaúcha,10000,Aurora,http://www.vinicolaaurora.com.br,"[2021, 2020, 2019, 2018, 2017, 2016, 2015, 2014, 2013, 2012, 2011, 2010, 2009, 2005, 2001, 1988]"
100053,Varietal Cabernet Sauvignon,Red,Varietal/100%,['Cabernet Sauvignon'],"['Beef', 'Lamb', 'Poultry']",12.0,Full-bodied,High,BR,Brazil,1001,Serra Gaúcha,10000,Aurora,http://www.vinicolaaurora.com.br,"[2021, 2020, 2019, 2018, 2017, 2016, 2015, 2014, 2013, 2012, 2011, 2010, 2009, 2008, 2007, 2006, 2005, 2004, 2003, 2002, 2001, 2000, 1999, 1998, 1997, 1996, 1995, 1994, 1991, 1990, 1986, 1985, 1981, 1980, 1977, 1971, 1961]"
100054,Concentus Merlot-Tannat-Cabernet Sauvignon Gran Reserva,Red,Assemblage/Blend,"['Merlot', 'Tannat', 'Cabernet Sauvignon']","['Beef', 'Lamb', 'Game Meat', 'Spicy Food', 'Poultry']",13.5,Full-bodied,High,BR,Brazil,1002,Vale dos Vinhedos,10426,Pizzato,http://pizzato.net,"[2019, 2018, 2017, 2016, 2015, 2014, 2013, 2012, 2011, 2010, 2009, 2008, 2007, 2006, 2005, 2004, 2003, 2002, 2000, 1999, 1991, 1981]"
100055,Millesimé Cabernet Sauvignon,Red,Varietal/100%,['Cabernet Sauvignon'],"['Beef', 'Lamb', 'Poultry']",13.0,Full-bodied,High,BR,Brazil,1001,Serra Gaúcha,10000,Aurora,http://www.vinicolaaurora.com.br,"[2021, 2020, 2019, 2018, 2017, 2016, 2015, 2014, 2013, 2012, 2011, 2010, 2009, 2008, 2007, 2006, 2005, 2004, 2003, 2002, 2001, 2000, 1999, 1998, 1997, 1996, 1995, 1994, 1993, 1992, 1991, 1990, 1988, 1985, 1981, 1976, 1974, 1973, 1971, 1967, 1961]"
100056,Brut Prosecco,Sparkling,Varietal/100%,['Glera/Prosecco'],"['Pork', 'Rich Fish', 'Shellfish']",11.5,Medium-bodied,High,BR,Brazil,1001,Serra Gaúcha,10011,Salton,http://www.salton.com.br,"[2021, 2020, 2019, 2018, 2017, 2016, 2015, 2014, 2013, 2012, 2011, 2010, 2009, 2008, 2007, 2006, 2005, 2004, 2003, 2002, 2001, 2000, 1999, 1997, 1996, 1995, 1991, 1990, 1986, 1985, 1983, 1981, 1974]"
100057,Joaquim Cabernet Sauvignon-Merlot,Red,Assemblage/Bordeaux Red Blend,"['Cabernet Sauvignon', 'Merlot']","['Beef', 'Lamb', 'Game Meat', 'Poultry']",13.6,Full-bodied,High,BR,Brazil,1012,Santa Catarina,10507,Villa Francioni,http://www.villafrancioni.com.br,"[2021, 2020, 2019, 2018, 2017, 2016, 2015, 2014, 2013, 2012, 2011, 2010, 2009, 2008, 2007, 2006, 2005, 2004, 2003, 2002, 2001, 2000, 1999, 1992, 1991, 1990, 1985, 1982, 1975]"
100058,Fausto Tannat,Red,Varietal/100%,['Tannat'],['Beef'],13.0,Medium-bodied,Medium,BR,Brazil,1002,Vale dos Vinhedos,10426,Pizzato,http://pizzato.net,"[2021, 2020, 2019, 2018, 2017, 2016, 2015, 2014, 2013, 2012, 2011, 2010, 2009, 2008, 2007, 2006, 2005, 2004, 2002, 2001, 2000]"
100059,Varietal Merlot,Red,Varietal/100%,['Merlot'],"['Beef', 'Lamb', 'Veal']",12.5,Full-bodied,Low,BR,Brazil,1001,Serra Gaúcha,10000,Aurora,http://www.vinicolaaurora.com.br,"[2021, 2020, 2019, 2018, 2017, 2016, 2015, 2014, 2013, 2012, 2011, 2010, 2009, 2008, 2007, 2006, 2005, 2004, 2002, 2001, 2000, 1999, 1998, 1995, 1993, 1992, 1991, 1990, 1988, 1985, 1984, 1983, 1981, 1971]"
100060,Reserva Tannat,Red,Varietal/100%,['Tannat'],['Beef'],14.0,Very full-bodied,Medium,BR,Brazil,1004,Campanha Gaúcha,10013,Miolo,http://www.miolo.com.br,"[2021, 2020, 2019, 2018, 2017, 2016, 2015, 2014, 2013, 2012, 2011, 2010, 2009, 2008, 2007, 2006, 2005, 2004, 2003, 2002, 2001, 2000, 1997, 1995, 1993, 1989, 1988, 1986, 1981, 1980, 1975, 1974, 1973, 1972, 1971, 1964, 1951]"
100061,Moscatel,Sparkling,Varietal/100%,['Muscat/Moscato'],"['Pork', 'Rich Fish', 'Shellfish']",8.0,Medium-bodied,High,BR,Brazil,1001,Serra Gaúcha,10010,Garibaldi,http://www.vinicolagaribaldi.com.br,"[2021, 2020, 2019, 2018, 2017, 2016, 2015, 2014, 2013, 2012, 2011, 2010, 2009, 2008, 2007, 2006, 2005, 2004, 2003, 2002, 2001, 2000, 1995, 1993, 1992, 1990, 1974, 1971, 'N.V.']"
100062,Origem Merlot,Red,Varietal/100%,['Merlot'],"['Beef', 'Lamb', 'Veal', 'Grilled', 'Pizza', 'Pasta']",13.0,Full-bodied,Medium,BR,Brazil,1002,Vale dos Vinhedos,10014,Casa Valduga,http://www.casavalduga.com.br,"[2020, 2019, 2018, 2017, 2016, 2015, 2014, 2013, 2012, 2011, 2010, 2007, 2005]"
100063,Quinta do Seival Estate Castas Portuguesas,Red,Assemblage/Portuguese Red Blend,"['Touriga Nacional', 'Tinta Roriz']","['Beef', 'Maturated Cheese', 'Hard Cheese']",13.0,Full-bodied,Medium,BR,Brazil,1004,Campanha Gaúcha,10013,Miolo,http://www.miolo.com.br,"[2021, 2020, 2019, 2018, 2017, 2016, 2015, 2014, 2013, 2012, 2011, 2010, 2009, 2008, 2007, 2006, 2005, 2004, 2003, 2002, 2001, 2000, 1999, 1996, 1991, 1990, 1988, 1985, 1983, 1974, 1971, 1962, 1955]"
100064,Réserve Brut,Sparkling,Varietal/100%,['Chardonnay'],"['Pork', 'Rich Fish', 'Shellfish']",12.0,Medium-bodied,High,BR,Brazil,1001,Serra Gaúcha,10051,CHANDON Brazil,www.chandon.com.br,"[2021, 2020, 2019, 2018, 2017, 2016, 2015, 2014, 2013, 2012, 2011, 2010, 2009, 2008, 2007, 2006, 2005, 2004, 2003, 2002, 2001, 2000, 1999, 1998, 1997, 1996, 1995, 1994, 1993, 1991, 1990, 1989, 1988, 1986, 1985, 1984, 1982, 1981, 1980, 1977, 1973, 1966, 1960, 'N.V.']"
100065,Moscatel Espumante,Sparkling,Varietal/100%,['Muscat/Moscato'],"['Pork', 'Rich Fish', 'Shellfish']",7.5,Medium-bodied,High,BR,Brazil,1001,Serra Gaúcha,10000,Aurora,http://www.vinicolaaurora.com.br,"[2021, 2020, 2019, 2018, 2017, 2016, 2015, 2014, 2013, 2012, 2011, 2010, 2009, 2008, 2007, 2006, 2005, 2004, 2003, 2002, 2001, 2000, 1999, 1998, 1997, 1996, 1994, 1993, 1992, 1991, 1990, 1989, 1988, 1986, 1985, 1983, 1982, 1981, 1980, 1979, 1978, 1973, 1970]"
100066,DNA 99 Single Vineyard Merlot,Red,Varietal/100%,['Merlot'],"['Beef', 'Lamb', 'Veal']",14.0,Full-bodied,Medium,BR,Brazil,1002,Vale dos Vinhedos,10426,Pizzato,http://pizzato.net,"[2021, 2020, 2019, 2018, 2017, 2016, 2015, 2014, 2013, 2012, 2011, 2010, 2009, 2008, 2007, 2006, 2005, 2004, 2003, 2002, 2001, 2000, 1999, 1998, 1995, 1992, 1984, 1959]"
100067,Sur Lie Nature,Sparkling,Assemblage/Blend,"['Chardonnay', 'Pinot Noir']","['Pork', 'Rich Fish', 'Shellfish']",12.0,Medium-bodied,High,BR,Brazil,1001,Serra Gaúcha,10014,Casa Valduga,http://www.casavalduga.com.br,"[2021, 2020, 2019, 2018, 2017, 2016, 2015, 2014, 2013, 2012, 2011, 2010, 2009, 2008, 2007, 2006, 2005, 2004, 2003, 2002, 2001, 2000, 1999, 1996, 1995, 1994, 1993, 1991, 1990, 1989, 1988, 1983, 1980, 'N.V.']"
100068,Malbec Vintage,Red,Varietal/100%,['Malbec'],"['Beef', 'Spicy Food', 'Maturated Cheese', 'Hard Cheese', 'Poultry']",13.0,Medium-bodied,Medium,BR,Brazil,1002,Vale dos Vinhedos,10022,Don Guerino,http://www.donguerino.com.br,"[2021, 2020, 2019, 2018, 2017, 2016, 2015, 2014, 2013, 2012, 2011, 2010, 2009, 2008, 2007, 2006, 2005, 2004, 2001, 2000, 1990, 1980, 1967]"
100069,Rosé,Rosé,Assemblage/Blend,"['Syrah/Shiraz', 'Cabernet Sauvignon', 'Cabernet Franc', 'Malbec', 'Merlot', 'Sangiovese', 'Petit Verdot']","['Beef', 'Lamb', 'Veal', 'Pork', 'Game Meat', 'Spicy Food', 'Maturated Cheese', 'Hard Cheese', 'Poultry', 'Soft Cheese']",13.2,Medium-bodied,Medium,BR,Brazil,1012,Santa Catarina,10507,Villa Francioni,http://www.villafrancioni.com.br,"[2021, 2020, 2019, 2018, 2017, 2016, 2015, 2014, 2013, 2012, 2011, 2010, 2009, 2008, 2007, 2006, 2005, 2004, 2003, 2002, 2001, 2000, 1999, 1997, 1991, 1990, 1981, 1980, 1972, 1969, 1966, 1964]"
100070,Varietal Pinot Noir,Red,Varietal/100%,['Pinot Noir'],"['Beef', 'Veal', 'Game Meat', 'Poultry']",12.0,Full-bodied,High,BR,Brazil,1001,Serra Gaúcha,10000,Aurora,http://www.vinicolaaurora.com.br,"[2021, 2020, 2019, 2018, 2017, 2016, 2015, 2014, 2013, 2012, 2011, 2010, 2009, 2008, 2007, 2006, 2005, 2004, 2003, 2002, 2001, 2000, 1999, 1998, 1997, 1996, 1992, 1991, 1990, 1986, 1981, 1980, 1974, 1972, 1971]"
100071,Origem Cabernet Sauvignon,Red,Varietal/100%,['Cabernet Sauvignon'],"['Beef', 'Lamb', 'Poultry']",12.0,Full-bodied,High,BR,Brazil,1002,Vale dos Vinhedos,10014,Casa Valduga,http://www.casavalduga.com.br,"[2021, 2020, 2019, 2018, 2017, 2016, 2015, 2014, 2013, 2012, 2011, 2010, 2009, 2008, 2007, 2006, 2005, 2004, 2002, 2001, 2000, 1999, 1997, 1982]"
100072,Reserva Tempranillo,Red,Varietal/100%,['Tempranillo'],"['Beef', 'Lamb', 'Pork', 'Game Meat', 'Spicy Food']",13.0,Medium-bodied,Medium,BR,Brazil,1004,Campanha Gaúcha,10013,Miolo,http://www.miolo.com.br,"[2021, 2020, 2019, 2018, 2017, 2016, 2015, 2014, 2013, 2012, 2011, 2010, 2009, 2008, 2007, 2006, 2005, 2004, 2002, 2000, 1999, 1988, 1975, 1971]"
100073,Moscatel,Sparkling,Varietal/100%,['Muscat/Moscato'],"['Pork', 'Rich Fish', 'Shellfish']",7.5,Medium-bodied,High,BR,Brazil,1001,Serra Gaúcha,10011,Salton,http://www.salton.com.br,"[2021, 2020, 2019, 2018, 2017, 2016, 2015, 2014, 2013, 2012, 2011, 2010, 2009, 2008, 2007, 2006, 2005, 2004, 2002, 2001, 2000, 1999, 1998, 1997, 1995, 1993, 1992, 1991, 1990, 1988, 1984, 1981, 1980, 1979, 1978, 1970, 1968, 1964, 1961, 1953]"
100074,Quorum (Grande Vindima),Red,Assemblage/Blend,"['Cabernet Sauvignon', 'Cabernet Franc', 'Merlot', 'Tannat']","['Beef', 'Lamb', 'Game Meat', 'Poultry']",12.7,Full-bodied,High,BR,Brazil,1002,Vale dos Vinhedos,10020,Lidio Carraro,http://www.lidiocarraro.com,"[2021, 2020, 2019, 2018, 2017, 2016, 2015, 2014, 2013, 2012, 2011, 2010, 2009, 2008, 2007, 2006, 2005, 2004, 2003, 2002, 2001, 2000, 1994, 1993, 1984, 1980, 1971]"
100075,Identidade Terroir Gewürztraminer,White,Varietal/100%,['Gewürztraminer'],"['Rich Fish', 'Spicy Food', 'Sweet Dessert', 'Poultry', 'Soft Cheese']",12.5,Medium-bodied,Medium,BR,Brazil,1001,Serra Gaúcha,10014,Casa Valduga,http://www.casavalduga.com.br,"[2021, 2020, 2019, 2018, 2017, 2016, 2015, 2014, 2013, 2012, 2011, 2010, 2009, 2008, 2007, 2006, 2005, 2004, 2002, 2001, 2000, 1999, 1995, 1970]"
100076,Classic Reserva Especial Cabernet Sauvignon,Red,Varietal/100%,['Cabernet Sauvignon'],"['Beef', 'Lamb', 'Poultry']",13.0,Full-bodied,High,BR,Brazil,1001,Serra Gaúcha,10011,Salton,http://www.salton.com.br,"[2021, 2020, 2019, 2018, 2017, 2016, 2015, 2014, 2013, 2012, 2011, 2010, 2009, 2008, 2007, 2006, 2005, 2004, 2003, 2002, 2001, 2000, 1999, 1998, 1997, 1996, 1995, 1993, 1992, 1991, 1990, 1988, 1984, 1981, 1980, 1979, 1964, 1959]"
100077,Colheita Tardia Sémillon-Malvasia Bianca,Dessert,Assemblage/Blend,"['Malvasia', 'Sémillon']","['Rich Fish', 'Shellfish', 'Sweet Dessert', 'Poultry']",12.5,Full-bodied,High,BR,Brazil,1001,Serra Gaúcha,10000,Aurora,http://www.vinicolaaurora.com.br,"[2021, 2020, 2019, 2018, 2017, 2016, 2015, 2014, 2013, 2012, 2011, 2010, 2009, 2008, 2007, 2006, 2005, 2004, 2003, 2002, 2001, 2000, 1999, 1998, 1994, 1993, 1992, 1991, 1988, 1985, 1984, 1982, 1981, 1980, 1979, 1974, 1971, 1970, 1969, 1951]"
100078,Rastros do Pampa Tannat,Red,Varietal/100%,['Tannat'],['Beef'],13.0,Medium-bodied,Low,BR,Brazil,1004,Campanha Gaúcha,10487,Vinícola Guatambu,http://www.guatambuvinhos.com.br,"[2021, 2020, 2019, 2018, 2017, 2016, 2015, 2014, 2013, 2012, 2011, 2010, 2009, 2008, 2007, 2004, 2000, 1995]"
100079,Reserva Malbec,Red,Varietal/100%,['Malbec'],"['Beef', 'Spicy Food', 'Maturated Cheese', 'Hard Cheese', 'Poultry']",13.5,Full-bodied,Medium,BR,Brazil,1002,Vale dos Vinhedos,10442,Almaúnica,http://www.almaunica.com.br,"[2021, 2020, 2019, 2018, 2017, 2016, 2015, 2014, 2013, 2012, 2011, 2010, 2009, 2008, 2007, 2006, 2004, 2001, 1981]"
100080,Agnus Cabernet Sauvignon,Red,Varietal/100%,['Cabernet Sauvignon'],"['Beef', 'Veal', 'Lamb', 'Poultry', 'Pasta']",13.5,Full-bodied,High,BR,Brazil,1002,Vale dos Vinhedos,10020,Lidio Carraro,http://www.lidiocarraro.com,"[2020, 2019, 2018, 2017, 2016, 2015, 2014, 2013, 2012, 2011, 2010, 2009, 2008, 2007, 2006, 2005, 2004, 2001, 2000, 1999, 1997, 1993, 1987, 1982, 1969, 1961]"
100081,Solidário Cabernet Sauvignon-Merlot,Red,Assemblage/Bordeaux Red Blend,"['Cabernet Sauvignon', 'Merlot']","['Beef', 'Lamb', 'Game Meat', 'Poultry']",12.0,Full-bodied,High,BR,Brazil,1001,Serra Gaúcha,10001,Casa Perini,http://www.vinicolaperini.com.br,"[2020, 2019, 2018, 2017, 2016, 2015, 2014, 2013, 2012, 2011, 2010, 2009, 2001]"
100082,Cabernet Sauvignon Reserva,Red,Varietal/100%,['Cabernet Sauvignon'],"['Beef', 'Lamb', 'Poultry']",12.5,Full-bodied,High,BR,Brazil,1002,Vale dos Vinhedos,10054,Don Laurindo,http://www.donlaurindo.com.br,"[2021, 2020, 2019, 2018, 2017, 2016, 2015, 2014, 2013, 2012, 2011, 2010, 2009, 2008, 2007, 2006, 2005, 2004, 2003, 2002, 2001, 2000, 1999, 1998, 1997, 1996, 1995, 1994, 1993, 1992, 1991, 1990, 1988, 1985, 1981, 1980, 1970, 1969, 1968, 1963, 1961, 1960, 1959]"
100083,Reserva Pinot Noir,Red,Varietal/100%,['Pinot Noir'],"['Beef', 'Veal', 'Game Meat', 'Poultry']",12.5,Full-bodied,High,BR,Brazil,1004,Campanha Gaúcha,10013,Miolo,http://www.miolo.com.br,"[2021, 2020, 2019, 2018, 2017, 2016, 2015, 2014, 2013, 2012, 2011, 2010, 2009, 2008, 2007, 2006, 2005, 2004, 2003, 2002, 2001, 2000, 1999, 1998, 1997, 1996, 1975, 1971]"
100084,Merlot,Red,Varietal/100%,['Merlot'],"['Beef', 'Lamb', 'Veal']",12.0,Full-bodied,Low,BR,Brazil,1001,Serra Gaúcha,10001,Casa Perini,http://www.vinicolaperini.com.br,"[2021, 2020, 2019, 2018, 2017, 2016, 2015, 2014, 2013, 2012, 2011, 2010, 2009, 2008, 2007, 2006, 2005, 2004, 2003, 2002, 2001, 2000, 1999, 1997, 1990, 1989, 1988, 1984, 1981, 1980, 1975, 1971, 1969]"
100085,Fausto Cabernet Sauvignon,Red,Varietal/100%,['Cabernet Sauvignon'],"['Beef', 'Lamb', 'Poultry']",13.0,Full-bodied,High,BR,Brazil,1002,Vale dos Vinhedos,10426,Pizzato,http://pizzato.net,"[2021, 2020, 2019, 2018, 2017, 2016, 2015, 2014, 2013, 2012, 2011, 2010, 2009, 2008, 2007, 2006, 2005, 2004, 2003, 2001, 2000, 1999, 1969]"
100086,Selecão Chardonnay-Viognier,White,Assemblage/Blend,"['Chardonnay', 'Viognier']","['Pork', 'Rich Fish', 'Vegetarian', 'Poultry']",12.0,Medium-bodied,Medium,BR,Brazil,1004,Campanha Gaúcha,10013,Miolo,http://www.miolo.com.br,"[2021, 2020, 2019, 2018, 2017, 2016, 2015, 2014, 2013, 2012, 2011, 2010, 2009, 2008, 2007, 2006, 2005, 2004, 2002, 2001, 2000, 1999, 1997, 1995, 1992, 1990, 1988, 1985, 1982, 1970]"
100087,Fração Única Merlot,Red,Varietal/100%,['Merlot'],"['Beef', 'Lamb', 'Veal']",12.5,Full-bodied,Low,BR,Brazil,1001,Serra Gaúcha,10001,Casa Perini,http://www.vinicolaperini.com.br,"[2021, 2020, 2019, 2018, 2017, 2016, 2015, 2014, 2013, 2012, 2011, 2010, 2009, 2008, 2007, 2005, 2001, 2000, 1999, 1996, 1984, 1980]"
100088,Aquarela Moscatel Espumante,Sparkling,Assemblage/Blend,"['Muscat/Moscato Giallo', 'Muscat/Moscato Bianco', 'Muscat of Hamburg']","['Snack', 'Soufflé', 'Rich Fish', 'Shellfish']",7.5,Light-bodied,Medium,BR,Brazil,1001,Serra Gaúcha,10001,Casa Perini,http://www.vinicolaperini.com.br,"[2020, 2019, 2018, 2017, 2016, 2015, 2014, 2013, 2012, 2011, 2010, 2009, 2008, 2007, 2003, 2001, 2000, 1999, 1998, 1995, 1992, 1991, 1990, 1989, 1986, 1985, 1983, 1980, 1973, 1969, 'N.V.']"
100089,Naturelle Branco,White,Assemblage/Blend,"['Muscat Blanc', 'Malvasia', 'Muscat/Moscato']","['Spicy Food', 'Sweet Dessert']",13.0,Medium-bodied,Low,BR,Brazil,1002,Vale dos Vinhedos,10014,Casa Valduga,http://www.casavalduga.com.br,"[2021, 2020, 2019, 2018, 2017, 2016, 2015, 2014, 2013, 2012, 2011, 2010, 2009, 2008, 2007, 2006, 2005, 2004, 2003, 2002, 2001, 2000, 1994, 1993, 1990, 1989, 1968, 1960, 1950]"
100090,Reserva Merlot,Red,Varietal/100%,['Merlot'],"['Beef', 'Lamb', 'Veal']",12.0,Full-bodied,Low,BR,Brazil,1002,Vale dos Vinhedos,10054,Don Laurindo,http://www.donlaurindo.com.br,"[2021, 2020, 2019, 2018, 2017, 2016, 2015, 2014, 2013, 2012, 2011, 2010, 2009, 2008, 2007, 2006, 2005, 2004, 2003, 2002, 2001, 2000, 1999, 1998, 1997, 1996, 1995, 1994, 1993, 1992, 1991, 1990, 1988, 1987, 1986, 1981, 1980, 1970]"
100091,Faces Merlot,Red,Varietal/100%,['Merlot'],"['Beef', 'Lamb', 'Veal']",13.0,Full-bodied,Low,BR,Brazil,1002,Vale dos Vinhedos,10020,Lidio Carraro,http://www.lidiocarraro.com,"[2021, 2020, 2019, 2018, 2017, 2016, 2015, 2014, 2013, 2012, 2011, 2010, 2009, 2008, 2007, 2006, 2005, 2003, 2002, 2001, 2000]"
100092,Nature,Sparkling,Assemblage/Blend,"['Chardonnay', 'Pinot Noir']","['Pork', 'Rich Fish', 'Shellfish']",12.5,Medium-bodied,High,BR,Brazil,1001,Serra Gaúcha,10412,Cave Geisse,http://www.cavegeisse.com.br,"[2021, 2020, 2019, 2018, 2017, 2016, 2015, 2014, 2013, 2012, 2011, 2010, 2009, 2008, 2007, 2006, 2005, 2004, 2003, 2002, 2001, 2000, 1999, 1998, 1991, 1990, 1982, 1980, 1979, 1973, 1970]"
100093,Cabernet Sauvignon,Red,Varietal/100%,['Cabernet Sauvignon'],"['Beef', 'Lamb', 'Poultry']",12.0,Full-bodied,High,BR,Brazil,1001,Serra Gaúcha,10001,Casa Perini,http://www.vinicolaperini.com.br,"[2021, 2020, 2019, 2018, 2017, 2016, 2015, 2014, 2013, 2012, 2011, 2010, 2009, 2008, 2007, 2006, 2005, 2004, 2003, 2002, 2001, 2000, 1999, 1998, 1996, 1995, 1993, 1990, 1989, 1988, 1985, 1980, 1975, 1967]"
100094,Prosecco Brut,Sparkling,Varietal/100%,['Glera/Prosecco'],"['Pork', 'Rich Fish', 'Shellfish']",11.0,Medium-bodied,High,BR,Brazil,1001,Serra Gaúcha,10010,Garibaldi,http://www.vinicolagaribaldi.com.br,"[2021, 2020, 2019, 2018, 2017, 2016, 2015, 2014, 2013, 2012, 2011, 2010, 2009, 2008, 2007, 2006, 2005, 2002, 2001, 2000, 1999, 1994, 1990, 1983, 'N.V.']"
100095,Tannat,Red,Varietal/100%,['Tannat'],['Beef'],12.0,Medium-bodied,Medium,BR,Brazil,1001,Serra Gaúcha,10001,Casa Perini,http://www.vinicolaperini.com.br,"[2021, 2020, 2019, 2018, 2017, 2016, 2015, 2014, 2013, 2012, 2011, 2010, 2009, 2008, 2007, 2006, 2005, 2004, 2003, 2002, 2001, 2000, 1999, 1997, 1996, 1990, 1989, 1986, 1980]"
100096,Francesco Tinto,Red,Assemblage/Blend,"['Cabernet Sauvignon', 'Cabernet Franc', 'Malbec', 'Merlot']","['Beef', 'Lamb', 'Game Meat', 'Poultry']",13.7,Full-bodied,High,BR,Brazil,1012,Santa Catarina,10507,Villa Francioni,http://www.villafrancioni.com.br,"[2021, 2020, 2019, 2018, 2017, 2016, 2015, 2014, 2013, 2012, 2011, 2010, 2009, 2008, 2007, 2006, 2005, 2004, 2003, 2002, 2001, 2000]"
100097,Terranova Espumante Moscatel,Sparkling,Varietal/100%,['Muscat/Moscato'],"['Pork', 'Rich Fish', 'Shellfish']",7.5,Medium-bodied,High,BR,Brazil,1010,Vale do São Francisco,10013,Miolo,http://www.miolo.com.br,"[2021, 2020, 2019, 2018, 2017, 2016, 2015, 2014, 2013, 2012, 2011, 2010, 2009, 2008, 2007, 2006, 2005, 2004, 2003, 2002, 2001, 2000, 1999, 1998, 1996, 1994, 1993, 1991, 1990, 1981, 1978, 1970, 1969, 1968, 1963, 1954]"
100098,Quinta do Seival Estate Cabernet Sauvignon,Red,Varietal/100%,['Cabernet Sauvignon'],"['Beef', 'Lamb', 'Poultry']",14.0,Full-bodied,High,BR,Brazil,1004,Campanha Gaúcha,10013,Miolo,http://www.miolo.com.br,"[2021, 2020, 2019, 2018, 2017, 2016, 2015, 2014, 2013, 2012, 2011, 2010, 2009, 2008, 2007, 2006, 2005, 2004, 2003, 2002, 2001, 2000, 1999, 1981, 1969]"
100099,El Gaucho Tannat,Red,Varietal/100%,['Tannat'],['Beef'],13.5,Full-bodied,Medium,BR,Brazil,1002,Vale dos Vinhedos,10022,Don Guerino,http://www.donguerino.com.br,"[2021, 2020, 2019, 2018, 2017, 2016, 2015, 2014, 2013, 2012, 2011, 2010, 2009, 2008, 2007, 2005, 2004, 1997, 1990]"
100100,Cabernet Sauvignon-Merlot,Red,Assemblage/Bordeaux Red Blend,"['Cabernet Sauvignon', 'Merlot']","['Beef', 'Lamb', 'Game Meat', 'Poultry']",14.0,Full-bodied,High,BR,Brazil,1003,Campos de Cima da Serra,10469,RAR,http://www.rarvinhos.com.br,"[2018, 2016, 2015, 2014, 2013, 2012, 2011, 2010, 2009, 2008, 2007, 2006, 2005, 2004, 2003, 2002, 2001, 2000]"
100101,Fausto Verve Cabernet Sauvignon-Merlot-Tannat Gran Reserva,Red,Assemblage/Blend,"['Cabernet Sauvignon', 'Merlot', 'Tannat']","['Beef', 'Lamb', 'Game Meat', 'Spicy Food', 'Poultry']",13.5,Full-bodied,High,BR,Brazil,1001,Serra Gaúcha,10426,Pizzato,http://pizzato.net,"[2020, 2019, 2018, 2017, 2016, 2015, 2014, 2013, 2012, 2011, 2010, 2009, 2008, 2007, 2004, 2001]"
100102,Brut,Sparkling,Assemblage/Blend,"['Chardonnay', 'Pinot Noir']","['Pork', 'Rich Fish', 'Shellfish']",12.0,Medium-bodied,High,BR,Brazil,1001,Serra Gaúcha,10412,Cave Geisse,http://www.cavegeisse.com.br,"[2021, 2020, 2019, 2018, 2017, 2016, 2015, 2014, 2013, 2012, 2011, 2010, 2009, 2008, 2007, 2006, 2005, 2004, 2003, 2002, 2001, 2000, 1999, 1998, 1990, 1977, 1969]"
100103,Identidade Arinarnoa,Red,Varietal/100%,['Arinarnoa'],"['Beef', 'Game Meat']",13.0,Full-bodied,Medium,BR,Brazil,1000,Rio Grande do Sul,10014,Casa Valduga,http://www.casavalduga.com.br,"[2021, 2020, 2019, 2018, 2017, 2016, 2015, 2014, 2013, 2012, 2011, 2010, 2009, 2008, 2007, 2006, 2005, 2004, 2003, 2002, 2001, 2000, 1999, 1989, 1971]"
100104,Single Vineyard Touriga Nacional,Red,Varietal/100%,['Touriga Nacional'],"['Beef', 'Maturated Cheese', 'Hard Cheese']",13.5,Full-bodied,Medium,BR,Brazil,1004,Campanha Gaúcha,10013,Miolo,http://www.miolo.com.br,"[2021, 2020, 2019, 2018, 2017, 2016, 2015, 2014, 2013, 2012, 2011, 2010, 1995, 1992]"
100105,Raízes Premium Cabernet Franc,Red,Varietal/100%,['Cabernet Franc'],"['Beef', 'Pork', 'Game Meat', 'Poultry']",13.5,Medium-bodied,High,BR,Brazil,1004,Campanha Gaúcha,10014,Casa Valduga,http://www.casavalduga.com.br,"[2019, 2018, 2017, 2016, 2015, 2014, 2013, 2012, 2011, 2010, 2009, 2008, 2007, 2006, 2005, 2004, 2002, 2001, 2000, 1999, 1992]"
100106,Réserva Tannat,Red,Varietal/100%,['Tannat'],['Beef'],12.3,Medium-bodied,Medium,BR,Brazil,1001,Serra Gaúcha,10376,Casa Venturini,http://www.casaventurini.com.br,"[2020, 2019, 2018, 2017, 2016, 2015, 2014, 2013, 2012, 2011, 2010, 2009, 2008, 2007, 2006, 2005, 2003, 2002, 2001, 2000, 1998, 1991, 1980, 1971]"
100107,Naturelle Rosé,Rosé,Assemblage/Blend,"['Malvasia', 'Muscat/Moscato Bianco', 'Merlot']","['Beef', 'Game Meat', 'Rich Fish', 'Shellfish']",11.0,Medium-bodied,Low,BR,Brazil,1002,Vale dos Vinhedos,10014,Casa Valduga,http://www.casavalduga.com.br,"[2021, 2020, 2019, 2018, 2017, 2016, 2015, 2014, 2013, 2012, 2011, 2010, 2009, 2008, 2004, 2001]"
100108,Colheita Tardia Malvasia Bianca,Dessert,Varietal/100%,['Malvasia'],"['Sweet Dessert', 'Appetizer', 'Snack']",12.5,Light-bodied,High,BR,Brazil,1001,Serra Gaúcha,10000,Aurora,http://www.vinicolaaurora.com.br,"[2021, 2020, 2019, 2018, 2017, 2016, 2015, 2014, 2013, 2012, 2011, 2010, 2009, 2008, 2007, 2006, 2005, 2004, 2003, 2002, 2001, 2000, 1999, 1990, 1980, 1951]"
100109,Elos Touriga Nacional-Tannat,Red,Assemblage/Blend,"['Touriga Nacional', 'Tannat']","['Beef', 'Maturated Cheese', 'Hard Cheese']",13.0,Full-bodied,Medium,BR,Brazil,1002,Vale dos Vinhedos,10020,Lidio Carraro,http://www.lidiocarraro.com,"[2020, 2019, 2018, 2017, 2016, 2015, 2014, 2013, 2012, 2011, 2010, 2009, 2008, 2007, 2006, 2005, 2003, 2002, 2001, 2000, 1994, 1993, 1992, 1981, 1963]"
100110,Victoria Geisse Extra Brut Vintage,Sparkling,Assemblage/Blend,"['Pinot Noir', 'Chardonnay']","['Pork', 'Rich Fish', 'Shellfish']",12.0,Medium-bodied,High,BR,Brazil,1001,Serra Gaúcha,10412,Cave Geisse,http://www.cavegeisse.com.br,"[2021, 2020, 2019, 2018, 2017, 2016, 2015, 2014, 2013, 2012, 2011, 2010, 2009, 2008, 2007, 2006, 2004, 2002, 2001, 2000, 1999, 1996, 1994, 1991, 1990, 1981, 1980]"
100111,Classic Reserva Especial Merlot,Red,Varietal/100%,['Merlot'],"['Beef', 'Lamb', 'Veal']",13.0,Full-bodied,Low,BR,Brazil,1001,Serra Gaúcha,10011,Salton,http://www.salton.com.br,"[2021, 2020, 2019, 2018, 2017, 2016, 2015, 2014, 2013, 2012, 2011, 2010, 2009, 2008, 2007, 2006, 2005, 2004, 2003, 2002, 2001, 2000, 1999, 1998, 1997, 1996, 1994, 1992, 1991, 1990, 1989, 1988, 1987, 1986, 1984, 1971, 1961]"
100112,Cave Cabernet Sauvignon,Red,Varietal/100%,['Cabernet Sauvignon'],"['Beef', 'Lamb', 'Poultry']",12.5,Full-bodied,High,BR,Brazil,1001,Serra Gaúcha,10085,Boscato,http://www.boscato.com.br,"[2021, 2020, 2019, 2018, 2017, 2016, 2015, 2014, 2013, 2012, 2011, 2010, 2009, 2008, 2007, 2006, 2005, 2004, 2003, 2002, 2001, 2000, 1999, 1998, 1997, 1996, 1995, 1993, 1991, 1990, 1983, 1981, 1980, 1974, 1971, 1963, 1951]"
100113,Legno Chardonnay,White,Varietal/100%,['Chardonnay'],"['Pork', 'Rich Fish', 'Vegetarian', 'Poultry']",13.0,Full-bodied,High,BR,Brazil,1002,Vale dos Vinhedos,10426,Pizzato,http://pizzato.net,"[2021, 2020, 2019, 2018, 2017, 2016, 2015, 2014, 2013, 2012, 2011, 2010, 2009, 2008, 2007, 2006, 2001, 2000]"
100114,Primeira Estrada Syrah,Red,Varietal/100%,['Syrah/Shiraz'],"['Beef', 'Lamb', 'Game Meat', 'Poultry']",13.5,Full-bodied,High,BR,Brazil,1023,Minas Gerais,10569,Vinicola Estrada Real,http://www.primeiraestrada.com.br,"[2021, 2020, 2019, 2018, 2017, 2016, 2015, 2014, 2013, 2012, 2011, 2010, 2009, 2008, 2007, 2005, 2003, 2001, 2000, 1960]"
100115,Millésime Brut,Sparkling,Assemblage/Blend,"['Chardonnay', 'Pinot Noir']","['Pork', 'Rich Fish', 'Shellfish']",12.1,Medium-bodied,High,BR,Brazil,1001,Serra Gaúcha,10013,Miolo,http://www.miolo.com.br,"[2021, 2020, 2019, 2018, 2017, 2016, 2015, 2014, 2013, 2012, 2011, 2010, 2009, 2008, 2007, 2006, 2005, 2004, 2003, 2002, 2001, 2000, 1999, 1998, 1996, 1995, 1994, 1993, 1990, 1989, 1988, 1985, 1979, 1971]"
100116,Vista do Chá Syrah,Red,Varietal/100%,['Syrah/Shiraz'],"['Beef', 'Lamb', 'Game Meat', 'Poultry']",12.0,Full-bodied,High,BR,Brazil,1020,São Paulo,10559,Guaspari,https://loja.vinicolaguaspari.com.br,"[2021, 2020, 2019, 2018, 2017, 2016, 2015, 2014, 2013, 2012, 2011, 2010, 2009, 2008, 2007, 2006, 2001, 2000, 1991, 1990, 1989, 1985]"
100117,Cabernet Sauvignon,Red,Varietal/100%,['Cabernet Sauvignon'],"['Beef', 'Lamb', 'Poultry']",12.0,Full-bodied,High,BR,Brazil,1004,Campanha Gaúcha,10474,Almadén,https://www.almaden.com.br,"[2021, 2020, 2019, 2018, 2017, 2016, 2015, 2014, 2013, 2012, 2011, 2010, 2009, 2008, 2007, 2006, 2005, 2004, 2003, 2002, 2001, 2000, 1999, 1998, 1997, 1996, 1995, 1994, 1993, 1992, 1991, 1990, 1989, 1988, 1987, 1986, 1985, 1984, 1983, 1982, 1981, 1980, 1979, 1978, 1977, 1976, 1975, 1973, 1972, 1968, 1964, 1961, 1960, 1957, 1953, 1952]"
100118,Chardonnay Brut,Sparkling,Varietal/100%,['Chardonnay'],"['Pork', 'Rich Fish', 'Shellfish']",12.5,Medium-bodied,High,BR,Brazil,1001,Serra Gaúcha,10010,Garibaldi,http://www.vinicolagaribaldi.com.br,"[2021, 2020, 2019, 2018, 2017, 2016, 2015, 2014, 2013, 2012, 2011, 2010, 2009, 2008, 2007, 2006, 2004, 2001, 2000, 1999, 1990, 'N.V.']"
100119,Vista da Mata,Red,Assemblage/Bordeaux Red Blend,"['Cabernet Sauvignon', 'Cabernet Franc']","['Beef', 'Lamb', 'Pork', 'Game Meat', 'Spicy Food', 'Poultry', 'Soft Cheese']",14.0,Full-bodied,Medium,BR,Brazil,1020,São Paulo,10559,Guaspari,https://loja.vinicolaguaspari.com.br,"[2021, 2020, 2019, 2018, 2017, 2016, 2015, 2014, 2013, 2012, 2011, 2010, 2008, 1999]"